Statistics_DgDgt_integrate,Statistics_DggradJ_integrate,Statistics_cost_function_integrate,Statistics_norm_inf_DgT_max,Statistics_volume_integrate,Norm_expansion_H1
121.87037145971952,-19.64446096305178,16.908696012329525,19.6420760715147,96.85966884304513,0.08495534059709013
122.9826798967581,-19.335122371231808,16.622606618020015,19.811950681771403,96.86050465303046,0.08266700280545118
123.88554184777078,-19.054131871144143,16.357869938441443,19.92734539031297,96.8643790862418,0.07490271911945343
127.45811470857889,-18.823910246067847,16.136895145428117,20.474712842479278,96.86784543530143,0.06540733529425825
129.50409046699275,-18.64343852013638,15.960435228087057,20.77257486174767,96.8700162507242,0.05910187893313611
129.98500199755023,-18.495496234140617,15.813088803192198,20.804411994200592,96.87150065849009,0.05508635399111331
130.4297412201472,-18.369259800062125,15.684973448193507,20.824791820679522,96.87272967577874,0.051542611719380405
130.83572229547048,-18.261208006129266,15.573131482806271,20.83439811374306,96.87365895855584,0.04839688607765612
131.2014361969996,-18.16829164564189,15.474944470837665,20.83403537097564,96.87434059435155,0.045585973663984286
131.52635864893102,-18.088050802411665,15.38828134097566,20.824418741810014,96.8748271526785,0.0430585411292708
131.81067815820072,-18.01850860977482,15.311418756731193,20.806181301500665,96.8751604558668,0.04077296728186097
132.0550820894385,-17.958063885075084,15.242953133359933,20.779903969813084,96.87537272747531,0.038695249925670056
132.26060354140998,-17.90540756051288,15.181731018544928,20.746137802392475,96.87548882847913,0.036797371332849445
132.4285121531358,-17.859459725180137,15.126796295340837,20.70541676631841,96.87552807656677,0.03505605708177046
132.56023552042947,-17.819321983004553,15.07735005444273,20.65959809191938,96.8755055973992,0.03345182992871435
132.65730199139426,-17.784241004381933,15.032719785973432,20.61779661445568,96.87543332050618,0.0319682817236651
132.7212984774386,-17.753580322564485,14.992335468125356,20.57025443207987,96.87532071860304,0.030591507536524364
132.7538388596179,-17.726798275919435,14.955710816965597,20.517373977929495,96.87517536170739,0.029309661672051842
132.75653990114142,-17.703430587729404,14.922428442750402,20.45954588268015,96.87500333639004,0.028112271459179872
132.73100140212304,-17.6830771526609,14.892128801873135,20.397152398861653,96.87480940229736,0.026989725025087074
132.67879227421489,-17.66539155105956,14.86450157518888,20.330569533224406,96.87459707638698,0.02364648304350052
132.59670444634304,-17.65448388468699,14.84474790757736,20.261298868854407,96.8731787413264,0.02268289538127353
132.50594167093658,-17.642661263014254,14.824046380644893,20.194130578435733,96.87280158088404,0.021734809361846213
132.46917495106425,-17.632284682096117,14.804925413294784,20.136633502210618,96.8724888879181,0.020826168014397448
132.51146946249983,-17.62334888645839,14.787413923921548,20.09265528522785,96.87217195375025,0.01995515388709495
132.54496482283886,-17.61569776082995,14.771378833582911,20.04809583595869,96.8718471436646,0.01913096570676357
132.5705657568407,-17.609158140953014,14.756661156502641,20.003179436259995,96.87152215635507,0.018350035176055098
132.5890508268725,-17.60358865786983,14.74313322131938,19.9580875594975,96.87119852264065,0.01760940010437579
132.60110712652556,-17.598863302609136,14.730681356253166,19.912978626624703,96.87087725967334,0.016906405453096563
132.6073415568744,-17.59486896266596,14.71920341440705,19.867990589302966,96.8705592062935,0.016238652169246453
132.6082903130987,-17.59150397420185,14.708607334937401,19.82324263074322,96.87024506361658,0.015603964408562772
132.60442761683296,-17.58867693860834,14.698809950803707,19.778836818201256,96.8699354166734,0.01500036184976891
132.5961736732889,-17.58630572574125,14.68973597207404,19.734859713131215,96.86963075174015,0.014426035780341243
132.5839018289026,-17.584316627078127,14.681317115313265,19.691383914046366,96.86933147064968,0.013879328352234523
137.55544547436062,-17.54378562806385,14.695699038842543,21.42035639261439,96.86903790267222,0.011244155114682986
137.85513014647623,-17.551179251532098,14.694282292268605,21.407342889234226,96.86707316389324,0.010931698729768635
138.10350781405333,-17.554472877976725,14.688616090872117,21.39222509746506,96.86687871453542,0.010589809114457753
138.34372595459325,-17.557959719878824,14.68328391894004,21.377676839936758,96.86669314081027,0.010259817632606114
138.57636301338084,-17.561636826551627,14.678281285749183,21.363688442005614,96.86650938258119,0.00994148759825188
138.80178610306803,-17.56548471067803,14.67358653959452,21.350239359809876,96.86632761938486,0.009634294570843993
139.02033067643762,-17.56948496570863,14.669179620144325,21.33730942885023,96.86614801731837,0.00933775494764754
139.23230466285955,-17.573620243423687,14.665041933617923,21.324879003947068,96.86597072008094,0.009051420735221312
139.43799179771833,-17.577874214347833,14.661156217420704,21.312929041237336,96.86579585148186,0.008774874728728184
139.63765450111052,-17.582231536140878,14.657506421813032,21.301441150272456,96.86562351759862,0.00850772646903241
139.8315363664093,-17.586677827103614,14.65407760586639,21.290397623759787,96.86545380864536,0.008249608840774279
140.01986431115472,-17.591199642576335,14.650855845476354,21.27978145067036,96.86528680059547,0.008000175206334541
140.20285043574913,-17.59578445247048,14.647828151579507,21.26957631705998,96.8651225566128,0.007759096993379884
140.38069362982932,-17.600420618599852,14.64498239708782,21.259766597923427,96.86496112830265,0.007526061671999879
140.55358096061653,-17.605097370754123,14.642307251258387,21.250337342578227,96.86480255681843,0.00730077106824005
140.72168887332776,-17.60980478074466,14.639792120448265,21.241274255477716,96.8646468738427,0.00708293996963391
140.88518422981818,-17.61453373394363,14.637427094385021,21.232563673885828,96.86449410246401,0.006872294983615164
141.04422520833361,-17.619275898036427,14.63520289722217,21.22419254349735,96.86434425795983,0.006668573613909792
141.19896208415295,-17.624023688966897,14.633110842779411,21.216148392808172,96.86419734850332,0.006471523522268952
141.34953790840743,-17.628770234191272,14.631142793457514,21.208419306844164,96.86405337580526,0.0062809019454492816
141.49608910004451,-17.633509333578097,14.62929112242674,21.20099390070301,96.86391233570107,0.006096475239284217
141.63874596387032,-17.63823541836898,14.627548678745187,21.193861293247107,96.86377421868707,0.005918018524012186
141.77763314569134,-17.64294350871889,14.625908755115786,21.18701108119399,96.86363901041676,0.005745315407019074
141.91287003408803,-17.647629170389997,14.624365058046244,21.18043331379399,96.8635066921669,0.005578157761715154
142.0445711170212,-17.652288471210593,14.62291168022948,21.174118468240874,96.86337724125961,0.0054163455446148215
142.17284629983016,-17.656917937845947,14.62154307493438,21.168057425901473,96.86325063147034,0.005259686634029902
142.29780119070796,-17.66151451346912,14.62025403229545,21.162241449462176,96.86312683339649,0.005107996678404491
142.4195373581621,-17.66607551680086,14.619039657337545,21.156662161028372,96.86300581481231,0.004961098943265923
142.5381525647117,-17.67059860295703,14.617895349622534,21.15131152123284,96.86288754099378,0.00481882414981567
142.6537409799732,-17.675081726460018,14.616816784409533,21.146181809369697,96.86277197502271,0.004681010299540962
142.76639337589697,-17.679523106672402,14.61579989520163,21.141265604571714,96.86265907807447,0.004547502481646526
142.8761973065179,-17.68392119586636,14.61484085760322,21.136555768045486,96.86254880967759,0.0044181526622444805
142.98323727388498,-17.688274650030017,14.613936074369063,21.13204542635165,96.8624411279615,0.004292819454884068
143.08759488187275,-17.692582302467937,14.613082161563463,21.12772795573332,96.86233598987934,0.004171367874194909
143.1893489789905,-17.696843140182057,14.612275935741971,21.123596967467865,96.86223335141503,0.004053669074392955
143.2885757912897,-17.701056282958113,14.611514402060259,21.119646294225408,96.86213316777454,0.003939600075523076
143.385349046284,-17.705220965063724,14.610794743249363,21.115869977408558,96.86203539355677,0.003829043480709182
143.47974008853504,-17.70933651939688,14.61011430936641,21.112262255436047,96.86193998290929,0.003721887187535356
143.57181798755923,-17.713402363923553,14.60947060825419,21.10881755293473,96.86184688967388,0.0036180240968014875
143.6616496387274,-17.717417990218266,14.608861296656926,21.105530470806887,96.86175606751166,0.003517351822192298
143.7492998575023,-17.721382953904055,14.608284171915937,21.10239577711939,96.8616674700181,0.003419772403484568
143.83483146754068,-17.725296866798665,14.607737164203357,21.099408398773935,96.8615810508269,0.00332519202606115
143.91830538309404,-17.729159390547828,14.607218329233557,21.096563413911884,96.86149676370134,0.0032335207491454936
143.99978068607055,-17.73297023159193,14.606725841426583,21.0938560450038,96.86141456261194,0.003144672244713464
144.07931469803205,-17.736729137215214,14.606257987446964,21.091281652567478,96.86133440181614,0.0030585635483059157
144.1569630477502,-17.740435892582898,14.605813160138563,21.088835729485233,96.86125623591136,0.0029751148237903624
144.23277973422262,-17.74409031852735,14.605389852756607,21.08651389584292,96.86118001989922,0.002894249141853931
144.3068171858998,-17.747692270002624,14.60498665353264,21.08431189427195,96.86110570922851,0.002815892273790249
144.37912631609163,-17.75124163503181,14.60460224049941,21.08222558572712,96.86103325984031,0.0027399725001302196
144.44975657503534,-17.754738334054604,14.604235376586228,21.080250945669103,96.86096262820242,0.002666420434565379
144.5187559987692,-17.758182319558376,14.60388490494475,21.07838406060057,96.8608937713436,0.0025951688626356375
144.58617125518484,-17.761573575923187,14.603549744508149,21.076621124924607,96.86082664687602,0.002526152595129644
144.65204768732463,-17.764912119385233,14.603228885747924,21.074958438076287,96.86076121302467,0.0024593083351543057
144.71642935440417,-17.76819799807496,14.602921386642231,21.073392401909327,96.86069742863963,0.002394574558892011
144.77935907045062,-17.771431292062953,14.602626368814095,21.07191951828413,96.86063525321887,0.002331891408492908
144.84087844107455,-17.774612113394465,14.602343013865438,21.070536386849593,96.86057464691893,0.002271200597001419
144.90102789833148,-17.777740606052987,14.60207055986847,21.069239702976006,96.86051557056453,0.0022124453240751295
144.95984673387773,-17.780816945851125,14.6018082980197,21.068026255817593,96.86045798566111,0.0021555702015486396
145.01737313068466,-17.783841340224946,14.601555569455943,21.066892926489803,96.86040185439907,0.002100521188316291
145.0736441933062,-17.786814027916837,14.601311762214674,21.065836686332116,96.86034713966158,0.0020472455332890423
145.12869597694768,-17.789735278545166,14.601076308342568,21.064854595247485,96.86029380502613,0.001995691725887951
145.18256351533708,-17.792605392059645,14.600848681140569,21.063943800095142,96.86024181476905,0.0019458094529948367
145.23528084760306,-17.795424698078815,14.60062839254519,21.06310153313051,96.86019113386607,0.0018975495618030538
145.2868810441849,-17.798193555119116,14.600414990640983,21.062325110476635,96.86014172799356,0.0018508640277151564
145.33739623190337,-17.80091234972233,14.600208057298858,21.061611930620398,96.86009356352565,0.0018057059267081069
145.38685761818493,-17.80358149547691,14.600007205929861,21.06095947292032,96.86004660753808,0.0017620294113049894
145.43529551468154,-17.806201431971072,14.599812079373466,21.060365296130506,96.86000082779704,0.001719789690099824
145.48273936001735,-17.808772623640373,14.599622347870879,21.059827036914744,96.85995619276963,0.0016789430094070782
145.52921774222727,-17.811295558586078,14.599437707187558,21.059342408380378,96.85991267160443,0.0016394466378476286
145.5747584202522,-17.81377074729399,14.59925787679499,21.058909198583216,96.85987023414278,0.0016012588519140024
145.61938834525523,-17.816198721348044,14.599082598198137,21.058525269050484,96.85982885090331,0.0015643389236159543
145.66313368119148,-17.818580032078255,14.598911633329138,21.05818855327965,96.85978849308113,0.0015286471087753977
145.70601982500037,-17.82091524919675,14.59874476304747,21.057897055235482,96.85974913254375,0.0014941446361844144
145.7480714263931,-17.82320495941664,14.598581785732524,21.0576488478419,96.85971074182235,0.0014607936973858918
145.78931240714854,-17.825449765060196,14.598422515957601,21.057442071460933,96.85967329410568,0.0014285574366464213
145.8297659800151,-17.82765028266597,14.598266783243236,21.057274932365917,96.85963676323506,0.0013973999410309506
145.86945466726615,-17.8298071416083,14.598114430897283,21.057145701211695,96.859601123696,0.0013672862304897648
145.9084003188485,-17.831920982728565,14.597965314923496,21.057052711498045,96.85956635061146,0.0013381822477515222
145.94662413018966,-17.833992456989012,14.59781930300531,21.056994358031986,96.85953241973274,0.001310054847956327
145.98414665962142,-17.836022224152373,14.59767627355447,21.056969095387167,96.85949930743149,0.001282871787914897
146.0209878454609,-17.838010951488524,14.59753611482137,21.056975436364528,96.85946699069615,0.0012566017148694327
146.05716702286725,-17.83995931253097,14.597398724082277,21.05701195046294,96.85943544711377,0.0012312141551066766
146.0927029401519,-17.841867985852495,14.597264006857444,21.057077262341103,96.85940465487079,0.0012066795016353496
146.12761377498128,-17.843737653899982,14.597131876209605,21.057170050300435,96.85937459273782,0.001182969001762469
146.16191715012363,-17.84556900186671,14.597002252078415,21.057289044768275,96.85934524006203,0.001160054743970503
146.19563014892054,-17.84736271660824,14.59687506066701,21.057433026794758,96.859316576759,0.0011379096443226602
146.22876933047624,-17.84911948561827,14.59675023388058,21.05760082656442,96.85928858330112,0.0011165074324792318
146.2613507444946,-17.850839996044083,14.596627708799407,21.057791321919698,96.85926124070701,0.001095822637210965
146.2933899457966,-17.85252493375227,14.596507427193682,21.058003436899874,96.85923453053562,0.0010758305714315894
146.32490200862776,-17.854174982458055,14.596389335086066,21.05823614030446,96.85920843486946,0.0010565073170476656
146.35590154051258,-17.85579082288386,14.596273382332214,21.05848844426556,96.85918293631023,0.001037829709197253
146.38640269594742,-17.85737313199122,14.596159522249872,21.058759402850626,96.85915801796627,0.0010197753203853963
146.4164191897462,-17.85892258225035,14.596047711275514,21.059048110683957,96.85913366344052,0.001002322444315319
146.44596431005817,-17.86043984096017,14.595937908643336,21.059353701589178,96.85910985682114,0.0009854500794494448
146.4750509311146,-17.86192556962003,14.595830076095863,21.059675347257322,96.85908658267269,0.0009691379123935671
146.50369152573194,-17.863380423348723,14.595724177623955,21.06001225594375,96.85906382602178,0.0009533663012677076
146.53189817744007,-17.86480505035047,14.595620179220887,21.060363671184966,96.85904157234974,0.0009381162588109416
146.55968259239776,-17.866200091421717,14.595518048666253,21.060728870547223,96.85901980757947,0.0009233694356077353
146.58705611097326,-17.867566179509186,14.595417755324862,21.061107164399186,96.85899851806627,0.0009091081031906597
146.6140297190746,-17.868903939303078,14.595319269966168,21.06149789471432,96.85897769058707,0.0008953151372270637
146.64061405919858,-17.870213986877424,14.595222564602809,21.061900433901563,96.85895731232824,0.0008819740007893453
146.6668194411692,-17.871496929361882,14.595127612339555,21.062314183662114,96.85893737087781,0.0008690687276668907
146.69265585266518,-17.872753364660163,14.595034387243922,21.06273857387938,96.85891785421197,0.0008565839059072386
146.71813296940778,-17.873983881194576,14.59494286422398,21.063173061532893,96.8588987506868,0.000844504661434568
146.7432601651354,-17.875189057693667,14.594853018923292,21.063617129645362,96.85888004902753,0.0008328166419032491
146.76804652129658,-17.87636946300384,14.594764827624138,21.06407028625697,96.85886173831581,0.0008215060008120524
146.79250083643402,-17.87752565593537,14.594678267159214,21.064532063425844,96.8588438079855,0.000810559381714845
146.81663163543908,-17.878658185143117,14.59459331484491,21.065002016265577,96.85882624780633,0.0007999639029136081
146.840447178415,-17.87976758902267,14.594509948406095,21.06547972200237,96.85880904787716,0.0007897071422429687
146.86395546935546,-17.880854395640018,14.594428145920329,21.065964779064913,96.85879219861536,0.0007797771222313699
146.88716426455923,-17.88191912268182,14.594347885763568,21.066456806200865,96.85877569074903,0.0007701622955352732
146.9100810808459,-17.882962277432625,14.594269146569381,21.066955441624476,96.85875951530582,0.0007608515307472714
146.93271320349032,-17.883984356769112,14.594191907188497,21.067460342188433,96.85874366360338,0.0007518340985025114
146.9550676939196,-17.884985847172928,14.594116146652905,21.067971182582657,96.85872812724044,0.000743099657896437
146.97715139718267,-17.885967224760844,14.59404184414614,21.068487654559693,96.85871289809211,0.0007346382432259553
146.9989709492903,-17.886928955344196,14.593968978987265,21.069009466192867,96.85869796829259,0.0007264402512384662
147.02053278414138,-17.887871494477704,14.593897530598,21.069536341146854,96.85868333023541,0.0007184964284610145
147.04184314043087,-17.888795287553002,14.593827478497012,21.070068017987143,96.8586689765598,0.0007107978591130568
147.0629080682312,-17.889700769879926,14.593758802279323,21.07060424950628,96.85865490014294,0.0007033359532586444
147.0837334353691,-17.890588366792265,14.593691481606196,21.071144802074382,96.8586410940964,0.0006961024352606054
147.1043249337046,-17.891458493765445,14.593625496202568,21.071689455020323,96.85862755175141,0.0006890893327470384
147.12468808505434,-17.892311556532366,14.593560825843452,21.07223800002544,96.85861426665649,0.0006822889657189801
147.14482824703936,-17.89314795121869,14.593497450352514,21.072790240547747,96.85860123256823,0.0006756939361155851
147.16475061870312,-17.893968064483783,14.593435349600849,21.07334599126507,96.85858844344506,0.0006692971176778069
147.18446024596625,-17.894772273663886,14.59337450350605,21.073905077541287,96.85857589343823,0.0006630916461501327
147.20396202686052,-17.895560946924146,14.593314892030048,21.074467334910373,96.85856357688735,0.0006570709097669482
147.22326071663485,-17.896334443416183,14.593256495183727,21.075032608583737,96.85855148831213,0.0006512285400982994
147.2423609326579,-17.897093113439873,14.593199293026954,21.075600752975284,96.858539622406,0.0006455584031705921
147.26126715915737,-17.897837298605204,14.593143265671511,21.076171631245643,96.85852797403265,0.0006400545908644322
147.27998375185643,-17.898567332006714,14.593088393289941,21.076745114868586,96.85851653821364,0.0006347114127147189
147.29851494231445,-17.899283538382715,14.593034656109584,21.07732108320647,96.85850531013052,0.0006295233877943858
147.31686484229317,-17.899986234297067,14.592982034427862,21.0778994231147,96.85849428511415,0.0006244852370845754
147.33503744786208,-17.900675728312056,14.592930508614097,21.07848002855575,96.85848345863957,0.0006195918760046526
147.35303664337033,-17.901352321156345,14.592880059113401,21.07906280022987,96.85847282632098,0.000614838407209894
147.37086620528464,-17.902016305905285,14.592830666451926,21.079647645222355,96.85846238390872,0.0006102201136319184
147.3885298059386,-17.902667968151725,14.592782311245024,21.080234476668615,96.85845212728053,0.0006057324518347436
147.50713966318176,-17.903307586182354,14.592734974199871,21.0967963107797,96.85844205244108,0.0006019744246169109
147.67081915479616,-17.9039316039071,14.592681283136981,21.12049720182699,96.85843559172812,0.0005985071568297075
147.83433167917596,-17.90454565636319,14.592626924682953,21.144179914633987,96.85843050293875,0.0005950799711169789
147.99765596428756,-17.905152449017137,14.592575100494987,21.167839433839106,96.8584254063271,0.0005917181643947554
148.1608058997065,-17.90575184274038,14.592525438964184,21.191479024397793,96.85842041527476,0.0005884170645540782
148.3237918341072,-17.906343938457617,14.59247786945275,21.215101070371322,96.85841552015175,0.0005851746925156113
148.48662379487618,-17.906928822177623,14.592432302702692,21.23870784460372,96.85841072141199,0.0005819890140424606
148.6493112498884,-17.90750658510312,14.592388656664891,21.262301458254797,96.85840601862894,0.0005788581480762618
148.81186315342782,-17.908077321193044,14.592346853916142,21.285883876902982,96.8584014114045,0.000575780333426788
148.97428796750302,-17.908641126686614,14.592306821467526,21.30945693014635,96.85839689929095,0.000572753917846064
149.13659368428523,-17.909198099542603,14.592268490401167,21.333022320879465,96.85839248180369,0.0005697773469819094
149.29878784733714,-17.909748338972534,14.592231795565594,21.356581633763593,96.85838815842162,0.0005668491550122707
149.46087757198927,-17.91029194502739,14.592196675296414,21.38013634303667,96.8583839285864,0.0005639679564881083
149.6228695649212,-17.91082901823848,14.59216307115367,21.40368781973182,96.85837979170984,0.0005611324390862622
149.78477014276984,-17.911359659313465,14.592130927697385,21.427237338310224,96.85837574716894,0.0005583413574178132
149.94658525011997,-17.911883968862465,14.59210019226515,21.450786082835336,96.85837179431452,0.0005555935273494229
150.10832047654844,-17.912402047176432,14.592070814787816,21.474335152648024,96.85836793246762,0.0005528878211756254
150.26998107307344,-17.912913994024315,14.592042747605383,21.497885567660067,96.85836416092397,0.0005502231631762802
150.4315719678244,-17.913419908485025,14.592015945305155,21.521438273250187,96.85836047895462,0.0005475985257162978
150.59309778106675,-17.91391988880638,14.591990364574484,21.544994144821594,96.85835688580956,0.0005450129257154674
150.75456283951542,-17.914414032284647,14.591965964065635,21.56855399202805,96.858353380715,0.0005424654215509949
150.91597119014835,-17.91490243515874,14.59194270426517,21.592118562738143,96.85834996288024,0.0005399551101165165
151.0773266132763,-17.915385192531595,14.59192054738494,21.615688546698674,96.85834663149451,0.0005374811243474001
151.23863263516486,-17.915862398296053,14.591899457250666,21.639264578982697,96.85834338573204,0.0005350426307990005
151.39989254001222,-17.916334145081485,14.591879399208606,21.662847243189457,96.85834022475056,0.0005326388275807461
151.56110938148,-17.91680052420735,14.59186034003208,21.686437074455583,96.85833714769433,0.0005302689423863789
151.72228599367543,-17.917261625648624,14.591842247840312,21.71003456226405,96.85833415369376,0.0005279322307461377
151.88342500169549,-17.917717538008603,14.591825092017569,21.733640153087034,96.85833124186924,0.0005256279743617387
152.04452883164643,-17.918168348500235,14.591808843145849,21.75725425285,96.8583284113308,0.0005233554796536953
152.20559972025495,-17.918614142938292,14.59179347294024,21.780877229252916,96.85832566117736,0.000521114076409201
152.36663972411935,-17.91905500572579,14.591778954181468,21.80450941396543,96.85832299050055,0.0005189031164726527
152.5276507284729,-17.91949101985507,14.591765260661294,21.828151104672905,96.85832039838589,0.0005167219725910237
152.6886344555658,-17.919922266913538,14.591752367133575,21.851802567002263,96.858317883911,0.0005145700373765967
152.8495924727485,-17.920348827085025,14.591740249259386,21.875464036352614,96.85831544614821,0.0005124467222804046
153.0105262001568,-17.920770779161572,14.591728883563036,21.89913571961106,96.85831308416721,0.0005103514566415744
153.171436918015,-17.921188200556912,14.591718247391842,21.92281779675991,96.8583107970312,0.0005082836869072546
153.33232577373985,-17.92160116731351,14.591708318869246,21.94651042242328,96.85830858380324,0.0005062428757405913
153.49319378858686,-17.922009754128343,14.591699076865904,21.97021372729294,96.85830644354226,0.0005042285013604505
153.65404186413076,-17.922414034361655,14.591690500956878,21.993927819505778,96.85830437530697,0.0005022400567888502
153.8148707883739,-17.92281408005996,14.591682571393429,22.017652785926213,96.85830237815514,0.000500277049233282
153.97568124162652,-17.923209961975854,14.591675269071182,22.04138869336816,96.85830045114349,0.0004983389994920368
154.13647380214653,-17.923601749585615,14.591668575498483,22.065135589757073,96.85829859333107,0.0004964254413429556
154.29724895145762,-17.923989511112485,14.591662472773498,22.088893505212226,96.85829680377618,0.0004945359210667445
154.45800707953,-17.924373313548173,14.591656943554272,22.112662453095634,96.85829508154161,0.0004926699968950456
154.61874848960656,-17.92475322267508,14.591651971040822,22.136442430975855,96.85829342568785,0.0004908272386353063
154.77947340301148,-17.92512930308541,14.591647538942375,22.160233421588924,96.85829183528254,0.0004890072270960417
154.94018196350987,-17.925501618205892,14.591643631465697,22.18403539369273,96.85829030939408,0.00048720955378927724
155.1008742416514,-17.925870230321145,14.59164023329001,22.207848302920738,96.85828884709431,0.0004854338204971604
155.26155023886827,-17.926235200591375,14.5916373295459,22.23167209257849,96.85828744746117,0.00048367963887125455
155.4222098913255,-17.926596589080056,14.591634905804773,22.255506694385083,96.85828610957412,0.0004819466301632719
155.58285307373245,-17.926954454770804,14.591632948052258,22.279352029208297,96.85828483252011,0.0004802344248094336
155.74347960284123,-17.92730885559244,14.59163144267958,22.30320800772834,96.85828361538906,0.0004785426621921111
155.90408924091136,-17.92765984843868,14.5916303764636,22.327074531098226,96.8582824572776,0.000476870990295108
156.06468169893242,-17.92800748918988,14.591629736554237,22.35095149154979,96.85828135728649,0.00047521906546516674
156.22525663977845,-17.928351832730897,14.591629510457194,22.374838772988127,96.85828031452466,0.000473586552085157
156.38581368111932,-17.928692932977057,14.591629686026288,22.398736251532142,96.85827932810597,0.0004719731223820017
156.54635239829608,-17.929030842891354,14.59163025144789,22.422643796050988,96.8582783971508,0.00047037845616670025
156.7068723270269,-17.929365614501126,14.591631195227379,22.446561268664603,96.85827752078627,0.00046880224059726427
156.86737296599466,-17.929697298923948,14.591632506180622,22.47048852522062,96.85827669814692,0.00046724416995691477
157.02785377930545,-17.930025946380603,14.591634173421701,22.494425415744274,96.85827592837335,0.0004657039454668572
157.188314198872,-17.93035160621621,14.591636186351042,22.51837178487603,96.85827521061496,0.0004641812750498185
157.3487536266218,-17.93067432691989,14.591638534650182,22.542327472270753,96.85827454402728,0.0004626758731879022
157.50917143668218,-17.930994156139,14.591641208267179,22.56629231299635,96.85827392777387,0.0004611874606994585
157.66956697741634,-17.931311140700842,14.59164419741033,22.590266137900915,96.85827336102528,0.0004597157645908468
157.8299395733954,-17.931625326622324,14.59164749253649,22.614248773969233,96.85827284296307,0.000458260517830282
157.99028852717663,-17.931936759139866,14.591651084351861,22.63824004463658,96.85827237277127,0.00045682145931827823
158.15061312123262,-17.932245482708343,14.591654963788692,22.66223977014328,96.85827194964745,0.00045539833355442164
158.3109126194927,-17.93255154103319,14.591659122013565,22.686247767800293,96.85827157279357,0.00045399089064809427
158.47118626906058,-17.932854977075273,14.591663550409045,22.710263852301214,96.85827124142203,0.00045259888606331557
158.63143330169382,-17.933155833070686,14.591668240572918,22.734287835980798,96.85827095475142,0.00045122208056666416
158.79165293532662,-17.933454150542765,14.591673184306048,22.758319529087903,96.85827071201223,0.0004498602399875415
158.951844375368,-17.933749970322868,14.591678373615062,22.78235874000812,96.858270512439,0.00044851313523178117
159.11200681615094,-17.934043332555426,14.591683800695408,22.806405275526476,96.85827035527718,0.000447180542033858
159.27213944213102,-17.934334276717735,14.591689457930881,22.83045894103328,96.85827023978106,0.0004458622408748838
159.4322414290805,-17.934622841632702,14.591695337889712,22.854519540732312,96.85827016521205,0.0004445580169058181
159.5923119452709,-17.934909065480635,14.591701433314812,22.87858687784965,96.85827013084192,0.00044326765976828255
159.75235015251192,-17.935192985815494,14.591707737124384,22.902660754811393,96.85827013594802,0.0004419909635738787
159.91235520727045,-17.935474639570035,14.591714242397705,22.92674097344322,96.85827017981887,0.00044072772669750715
160.0723262615805,-17.935754063076114,14.591720942378341,22.95082733512327,96.85827026175151,0.0004394777517330499
160.23226246397962,-17.936031292073242,14.591727830468425,22.974919640943842,96.85827038104914,0.00043824084541826806
160.39216296046433,-17.936306361719605,14.591734900218787,22.99901769188078,96.85827053702715,0.0004370168184541243
160.55202689522517,-17.9365793066068,14.591742145333695,23.023121288912666,96.85827072900523,0.00043580548553082707
160.71185341157198,-17.936850160765,14.59174955965566,23.04723023318785,96.8582709563153,0.00043460666511048224
160.87164165257929,-17.9371189576805,14.591757137171015,23.071344326127495,96.85827121829539,0.00043342017944340643
161.03139076187705,-17.937385730302,14.591764872000047,23.095463369565216,96.85827151429325,0.0004322458544067312
161.19109988428954,-17.937650511054006,14.591772758397253,23.11958716585338,96.85827184366386,0.0004310835194881891
161.35076816651676,-17.937913331841557,14.591780790742654,23.143715517981096,96.85827220577279,0.00042993300763021527
161.51039475767803,-17.93817422407151,14.59178896354652,23.167848229661743,96.85827259999051,0.0004287941552514182
161.66997880998804,-17.93843321864795,14.591797271435759,23.191985105454407,96.8582730256983,0.0004276668020622175
161.8295194792257,-17.938690345989873,14.591805709156528,23.21612595083749,96.85827348228615,0.0004265507910420288
161.98901592523663,-17.938945636043755,14.591814271574249,23.240270572292093,96.85827396915056,0.000425445968393445
162.1484673124654,-17.93919911828486,14.591822953664026,23.264418777394912,96.85827448569542,0.00042435218345166154
162.3078728104319,-17.939450821727604,14.59183175050776,23.28857037489916,96.85827503133655,0.00042326928854507855
162.46723159405337,-17.939700774941546,14.591840657299603,23.312725174780056,96.85827560549313,0.0004221971390686848
162.6265428441787,-17.93994900605015,14.591849669332406,23.336882988333556,96.85827620759542,0.00042113559328976736
162.7858057478845,-17.940195542745112,14.591858782002396,23.361043628218432,96.8582768370811,0.0004200845123477166
162.94501949883977,-17.940440412294183,14.591867990805188,23.385206908517517,96.8582774933937,0.0004190437602055348
163.10418329770178,-17.940683641545462,14.591877291328881,23.409372644807032,96.8582781759877,0.00041801320351534006
163.26329635233483,-17.940925256939266,14.591886679259,23.433540654185236,96.85827888432256,0.0004169927116586046
163.42235787818143,-17.941165284514682,14.591896150370857,23.45771075533888,96.8582796178671,0.00041598215659441486
163.5804910708575,-17.941403749914638,14.591905700527752,23.481741068861673,96.85828037609595,0.0004149760387389804
163.72991389650176,-17.941640706623293,14.591915384577252,23.504372446224547,96.85828113050113,0.00041392746916190753
163.8791783550805,-17.94187640124191,14.591925706574381,23.526988721940626,96.85828163512299,0.00041289651055890066
164.02829319932124,-17.942110307620222,14.591935952634767,23.549591808957118,96.85828218858717,0.00041187708058286997
164.17725650827046,-17.9423425067258,14.591946183293913,23.57218121053166,96.85828276487258,0.00041086944534648404
164.32606732357354,-17.942573026989304,14.591956393189559,23.594756649203248,96.85828336551167,0.00040987334368804173
164.4747246596679,-17.94280190031746,14.591966582364773,23.617317842818228,96.85828398971289,0.00040888856698949923
164.62322758578608,-17.943029157387937,14.591976750232043,23.6398645228465,96.85828463689758,0.0004079149096978424
164.77157521699274,-17.94325482811034,14.591986896108637,23.662396432153926,96.85828530648116,0.0004069521732554198
164.91976671317116,-17.943478941623614,14.591997019180193,23.68491332459394,96.85828599789384,0.0004060001654141793
165.06780127733572,-17.94370152634249,14.592007118521405,23.707414964466476,96.85828671057864,0.00040505870001788385
165.21567815409728,-17.94392260999574,14.592017193107974,23.729901126027826,96.85828744398897,0.0004041275967781658
165.36339662827726,-17.944142219658005,14.59202724182568,23.75237159305056,96.85828819759095,0.00040320668100696493
165.51095602351486,-17.944360381779504,14.59203726348054,23.77482615839453,96.85828897086056,0.00040229578342739977
165.65835570103073,-17.944577122215914,14.5920472568067,23.79726462362655,96.85828976328648,0.00040139473992172834
165.8055950583478,-17.944792466256413,14.592057220477539,23.81968679864061,96.8582905743663,0.0004005033913809467
165.9526735282094,-17.945006438645738,14.59206715310908,23.842092501332825,96.85829140360995,0.0003996215834521639
166.0995905774152,-17.94521906361129,14.592077053271252,23.864481557266743,96.85829225053531,0.00039874916643513656
166.24634570587602,-17.945430364879645,14.592086919488919,23.886853799395535,96.8582931146723,0.0003978859950223283
166.39293844555584,-17.945640365703106,14.592096750253088,23.909209067766216,96.85829399555854,0.00039703192821334684
166.53936835961977,-17.945849088871363,14.592106544020307,23.931547209276292,96.85829489274363,0.0003961868290800871
166.6856350414645,-17.94605655673692,14.592116299224775,23.953868077409354,96.85829580578248,0.0003953505647186403
166.8317381140302,-17.946262791223614,14.59212601427175,23.976171532039874,96.85829673424331,0.00039452300597139106
166.9776772288536,-17.94646781384855,14.592135687553288,23.998457439183362,96.85829767769945,0.00039370402742165174
167.12345206545803,-17.946671645733968,14.592145317442869,24.020725670826945,96.8582986357357,0.0003928935071592747
167.26906233053913,-17.946874307622398,14.592154902304712,24.04297610471701,96.8582996079427,0.00039209132673579934
167.4145077573819,-17.947075819887175,14.592164440491944,24.06520862420304,96.85830059392097,0.0003912973709819519
167.5597881051671,-17.947276202548014,14.592173930352903,24.087423118058275,96.85830159327749,0.0003905115279381206
167.70490315841712,-17.947475475278658,14.592183370230053,24.109619480335343,96.8583026056289,0.00038973368869741406
167.84985272635902,-17.947673657423245,14.592192758467107,24.131797610204476,96.8583036305975,0.000388963747359351
167.9946366424441,-17.947870768001838,14.592202093406192,24.153957411830305,96.85830466781388,0.0003882016008742557
168.1392547638053,-17.948066825723572,14.592211373392397,24.176098794235394,96.85830571691584,0.00038744714898475137
168.28370697076704,-17.948261848994044,14.59222059677476,24.198221671177322,96.85830677754753,0.00038670029411440673
168.42799316640142,-17.94845585592388,14.59222976190671,24.220325961038423,96.85830784936113,0.0003859609412734778
168.57211327604767,-17.948648864341795,14.59223886714995,24.242411586707696,96.85830893201495,0.0003852289979903685
168.71606724691327,-17.948840891796987,14.592247910874475,24.26447847548232,96.85831002517277,0.0003845043742408021
168.8598550477135,-17.94903195557023,14.592256891457142,24.286526558979745,96.85831112850731,0.0003837869823159886
169.00347666819968,-17.949222072681266,14.59226580728843,24.3085557730243,96.85831224169429,0.0003830767368249509
169.14693211891696,-17.949411259893303,14.592274656765357,24.33056605758742,96.85831336441888,0.000382373554535556
169.29022143073874,-17.949599533724836,14.592283438301473,24.352557356677554,96.85831449637006,0.0003816773543893979
169.43334465461814,-17.949786910452243,14.592292150321317,24.374529618279997,96.858315637243,0.00038098805738775846
169.57630186126417,-17.949973406117245,14.592300791262405,24.396482794280363,96.85831678673905,0.0003803055865223277
169.71909314082737,-17.950159036532398,14.592309359575474,24.418416840390204,96.85831794456486,0.0003796298667480715
169.86171860262766,-17.95034381728786,14.592317853727355,24.44033171608324,96.85831911043297,0.00037896082489079333
170.00417837486697,-17.95052776375807,14.592326272199092,24.462227384528042,96.8583202840597,0.0003782983896338485
170.14647260443087,-17.95071089110377,14.592334613485557,24.484103812541665,96.85832146516992,0.0003776424913703756
170.2886014565181,-17.950893214282257,14.592342876101291,24.505960970503942,96.85832265349006,0.0003769930622949716
170.43056511453855,-17.951074748047706,14.592351058573916,24.527798832333495,96.85832384875299,0.0003763500362332562
170.5723637798354,-17.951255506957587,14.59235915944662,24.549617375423953,96.85832505069746,0.00037571334862931944
170.71399767143325,-17.951435505380967,14.592367177282675,24.57141658058596,96.8583262590644,0.0003750829365385342
170.85546702593112,-17.95161475749537,14.592375110656828,24.59319643202268,96.85832747360321,0.0003744587384984518
170.99677209716546,-17.951793277300606,14.592382958166784,24.614956917252883,96.85832869406508,0.00037384069458155114
171.13791315612667,-17.95197107861667,14.592390718425206,24.636698027091775,96.85832992020455,0.0003732287463147612
171.27889049082052,-17.952148175087085,14.59239839005749,24.658419755620102,96.85833115178532,0.00037262283657153326
171.41970440592323,-17.952324580189302,14.592405971713271,24.680122100104935,96.8583323885704,0.0003720229096698019
171.5603552227971,-17.952500307233144,14.59241346205492,24.70180506100439,96.85833363033046,0.00037142891121037553
171.7008432792084,-17.952675369367192,14.592420859765188,24.72346864190315,96.8583348768378,0.00037084078812795417
171.84116892926795,-17.95284977958066,14.59242816354156,24.745112849499655,96.85833612787088,0.00037025848859185387
171.98133254320564,-17.9530235507094,14.592435372101454,24.766737693555122,96.85833738321082,0.00036968196201779503
172.12133450728183,-17.95319669543739,14.592442484178505,24.788343186873856,96.85833864264286,0.00036911115902365745
172.26117522364333,-17.953369226300214,14.592449498523616,24.80992934527112,96.85833990595684,0.0003685460313818911
172.40085511016463,-17.953541155691777,14.592456413907327,24.831496187537343,96.85834117294455,0.0003679865320269893
172.54037460039154,-17.95371249586094,14.592463229113969,24.853043735426198,96.8583424434036,0.00036743261497442013
172.6797341433423,-17.953883258922247,14.5924699429486,24.874572013609512,96.85834371713351,0.0003668842353476573
172.81893420345438,-17.95405345685338,14.59247655423202,24.896081049666098,96.85834499393854,0.0003663413493103682
172.9579752604297,-17.954223101500475,14.592483061802763,24.91757087404689,96.85834627362495,0.0003658039140746249
173.096857809182,-17.95439220458163,14.592489464516488,24.939041520063885,96.85834755600422,0.0003652718878341641
173.23558235966655,-17.954560777688766,14.592495761246754,24.96049302385167,96.8583488408894,0.0003647452297885072
173.3741494368454,-17.954728832289426,14.592501950882768,24.98192542436048,96.85835012809794,0.0003642239000818127
173.51255958055455,-17.954896379732528,14.592508032332756,25.003338763326077,96.85835141745011,0.00036370785980410644
173.65081334542103,-17.955063431248696,14.592514004520982,25.024733085252016,96.85835270876811,0.00036319707096856127
173.78891130082243,-17.955229997951268,14.592519866386466,25.04610843740081,96.85835400187999,0.0003626914964477784
173.92685403069868,-17.95539609084483,14.592525616889022,25.067464869751465,96.85835529661391,0.000362191100037271
174.06464213357765,-17.95556172082057,14.59253125500221,25.088802435006144,96.85835659280245,0.0003616958463560186
174.2022762224419,-17.955726898663766,14.592536779716752,25.11012118856036,96.85835789028064,0.00036120570087289734
174.3397569246688,-17.955891635052815,14.592542190039675,25.131421188489774,96.85835918888702,0.00036072062986512444
174.47708488193365,-17.95605594056542,14.592547484996032,25.15270249552867,96.85836048846174,0.0003602406004289298
174.61426075018147,-17.956219825676634,14.592552663624948,25.17396517306405,96.85836178884882,0.0003597655804272743
174.7512851995165,-17.95638330076619,14.592557724984786,25.19520928711107,96.85836308989299,0.0003592955385157308
174.888158914212,-17.956546376111636,14.592562668144465,25.216434906315747,96.85836439144569,0.00035883044405164726
175.0248825924923,-17.95670906190429,14.592567492197416,25.23764210190521,96.8583656933548,0.0003583702672153652
175.161456946701,-17.956871368236815,14.592572196243905,25.25883094772749,96.85836699547647,0.00035791497881871144
175.29788270302888,-17.957033305114916,14.592576779405606,25.280001520189003,96.85836829766627,0.00035746455043828717
175.4341606015724,-17.957194882456307,14.592581240818769,25.30115389826858,96.85836959978246,0.00035701895433427265
175.57029139626712,-17.957356110092164,14.59258557963425,25.322288163502755,96.85837090168688,0.0003565781634309339
175.70627585479144,-17.957516997770828,14.592589795020293,25.343404399963962,96.8583722032421,0.0003561421513491267
175.84211475857632,-17.957677555157687,14.592593886159168,25.36450269426329,96.85837350431365,0.0003557108923466889
175.97780890273128,-17.957837791836877,14.592597852247716,25.385583135533718,96.85837480476992,0.000355284361323658
176.1133590959747,-17.957997717315248,14.592601692499638,25.406645815414496,96.8583761044807,0.00035486253382481715
176.24876616061866,-17.958157341023924,14.592605406143829,25.427690828048032,96.85837740331836,0.0003544453860058975
176.3840309325114,-17.958316672318517,14.592608992424115,25.448718270066717,96.85837870115705,0.0003540328946401284
176.5191542610056,-17.9584757204816,14.592612450599411,25.469728240586093,96.85837999787186,0.00035362503710999806
176.65413700896286,-17.95863449472134,14.592615779940333,25.490720841206365,96.85838129334317,0.00035322179134698
176.78898005259484,-17.958793004181217,14.592618979737448,25.51169617597535,96.85838258745069,0.0003528231359009983
176.92368428152315,-17.95895125793433,14.592622049294748,25.532654351402943,96.85838388007535,0.0003524290498983658
177.05825059877392,-17.95910926498492,14.592624987927302,25.553595476460078,96.85838517110334,0.0003520395129781097
177.1926799206195,-17.959267034276905,14.592627794970172,25.574519662541892,96.85838646041923,0.00035165450538092495
177.32697317667572,-17.959424574686487,14.592630469768794,25.595427023490657,96.85838774791175,0.0003512740078603706
177.46113130978497,-17.959581895030528,14.592633011685528,25.616317675568755,96.85838903347037,0.0003508980017156087
177.59515527602719,-17.95973900406549,14.592635420096615,25.637191737461098,96.85839031698661,0.0003505264687719157
177.7290460446812,-17.959895910486907,14.592637694392735,25.658049330266415,96.85839159835328,0.0003501593913745095
177.86280459821543,-17.960052622934832,14.592639833977826,25.67889057749486,96.85839287746575,0.0003497967523722575
177.9964319322293,-17.960209149991783,14.592641838271373,25.69971560505459,96.85839415422045,0.0003494385351184382
178.12992905545232,-17.96036550018734,14.592643706707321,25.720524541251347,96.85839542851586,0.00034908472346678734
178.26329698970665,-17.960521681997037,14.592645438733356,25.741317516779567,96.85839670025126,0.00034873530176291297
178.39653676991523,-17.96067770384324,14.592647033811035,25.762094664724312,96.85839796932791,0.00034839025483473775
178.52964944406585,-17.960833574097197,14.592648491414815,25.782856120552797,96.85839923564998,0.0003480495679641606
178.6626360731412,-17.960989301085526,14.592649811037655,25.803602022097515,96.85840049912096,0.0003477132269355741
178.7954977311814,-17.961144893082807,14.592650992182962,25.824332509571068,96.85840175964616,0.0003473812179903009
178.9282355052571,-17.96130035831531,14.592652034367191,25.845047725559287,96.85840301713448,0.00034705352777706993
179.0608504953697,-17.961455704969083,14.592652937124559,25.865747814997967,96.85840427149378,0.00034673014351776707
179.19334381453584,-17.961610941181952,14.592653700001085,25.88643292519154,96.85840552263377,0.00034641105274525605
179.32571658874735,-17.961766075047535,14.592654322555244,25.907103205804475,96.85840677046751,0.00034609624348809075
179.4579699568929,-17.961921114622196,14.5926548043631,25.92775880884156,96.85840801490632,0.00034578570424531716
179.59010507085634,-17.962076067917234,14.592655145011223,25.948399888671062,96.85840925586639,0.00034547942388074267
179.72212309537372,-17.962230942908224,14.592655344104598,25.96902660199065,96.85841049326072,0.00034517739175910883
179.8540252081944,-17.96238574752706,14.592655401255637,25.98963910786448,96.85841172700847,0.0003448795975942782
179.98581259988563,-17.96254048967435,14.592655316097128,26.010237567677127,96.85841295702626,0.00034458603157128435
180.11748647396948,-17.962695177210346,14.59265508827209,26.03082214516474,96.85841418323398,0.00034429668425983224
180.24904804683547,-17.96284981796193,14.592654717438615,26.051393006394463,96.85841540555141,0.00034401154665321187
180.38049854778498,-17.96300441972021,14.592654203267646,26.071950319774043,96.85841662390096,0.00034373061013507684
180.5118392189739,-17.96315899024506,14.592653545446012,26.092494256037213,96.85841783820521,0.000343453866500644
180.64307131544183,-17.963313537265055,14.59265274367391,26.113024988250537,96.8584190483878,0.00034318130794358726
180.77419610511205,-17.963468068474736,14.59265179766458,26.133542691812337,96.85842025437384,0.0003429129270440195
180.90521486877398,-17.963622591542737,14.59265070714657,26.15404754444796,96.85842145608954,0.0003426487167760663
181.03612890008324,-17.963777114105863,14.592649471861884,26.174539726208824,96.85842265346129,0.00034238867050815074
181.16693950559178,-17.9639316437724,14.592648091565026,26.195019419478864,96.85842384641845,0.0003421327819691177
181.29764800467706,-17.964086188127222,14.59264656602812,26.215486808956676,96.85842503488941,0.0003418810452982491
181.4282557296146,-17.964240754726465,14.59264489503492,26.2359420816722,96.85842621880418,0.00034163345499320776
181.55876402555754,-17.96439535110138,14.592643078383158,26.256385426980696,96.85842739809468,0.000341390005925011
181.68917425050617,-17.964549984760552,14.59264111588696,26.27681703655437,96.85842857269249,0.0003411506933474365
181.81948777535408,-17.96470466318909,14.592639007373425,26.297237104392927,96.8584297425305,0.0003409155128840825
181.94970598388363,-17.964859393848247,14.592636752683232,26.317645826820748,96.8584309075429,0.00034068446051424046
182.0798302727518,-17.9650141841793,14.59263435167248,26.338043402483162,96.85843206766461,0.00034045753258451166
182.20986205150422,-17.965169041604412,14.592631804212356,26.35843003234804,96.8584332228308,0.00034023472582240985
182.33980274260315,-17.96532397352282,14.592629110186103,26.378805919711983,96.85843437297882,0.0003400160372759141
182.46965378138552,-17.96547898731819,14.592626269494613,26.399171270188667,96.85843551804528,0.0003398014643962075
182.59941661612874,-17.965634090355014,14.592623282050935,26.41952629172364,96.8584366579693,0.00033959100495046065
182.72909270799622,-17.965789289981835,14.592620147785082,26.439871194580007,96.85843779268852,0.0003393846571008662
182.8586835311318,-17.96594459352859,14.592616866638616,26.460206191359692,96.8584389221449,0.00033918241931001037
182.98819057253561,-17.966100008314026,14.592613438572869,26.480531496972766,96.85844004627673,0.00033898429044660407
183.11761533224032,-17.966255541638887,14.592609863559208,26.50084732867793,96.85844116502669,0.0003387902696827739
183.2469593231866,-17.966411200792425,14.592606141586911,26.521153906051588,96.85844227833626,0.00033860035657224145
183.3762240713069,-17.966566993049934,14.59260227265891,26.54145145100655,96.85844338614858,0.00033841455098515365
183.5054111154998,-17.966722925675253,14.592598256794098,26.561740187784476,96.85844448840717,0.00033823285315098
183.63452200765846,-17.96687900592175,14.592594094027467,26.58202034296125,96.85844558505586,0.00033805526365258173
183.7635583126935,-17.967035241031493,14.59258978440809,26.60229214545106,96.85844667603938,0.0003378817833970816
183.89252160854008,-17.967191638236105,14.592585327999934,26.622555826506723,96.85844776130405,0.00033771241363116073
184.02141348613705,-17.967348204761088,14.592580724885465,26.642811619713065,96.85844884079474,0.00033754715596415
184.15023554951875,-17.967504947821023,14.592575975159116,26.66305976100741,96.85844991445948,0.00033738601231374845
184.27898941573613,-17.967661874625797,14.592571078934961,26.68330048865927,96.85845098224459,0.0003372289849667177
184.40767671495956,-17.967818992376476,14.592566036339678,26.703534043293416,96.85845204409902,0.00033707607651268086
184.5362990904171,-17.967976308270302,14.592560847518527,26.723760667873403,96.85845309996998,0.00033692728993466107
184.66485819850172,-17.96813382949807,14.592555512631407,26.743980607725607,96.858454149808,0.00033678262845436693
184.79335570867968,-17.968291563248307,14.59255003185523,26.764194110516097,96.85845519356151,0.00033664209577007493
184.92179330361122,-17.968449516699863,14.592544405382164,26.78440142627731,96.85845623118215,0.0003365056957140363
185.05017267907022,-17.968607697038955,14.592538633424184,26.804602807387703,96.8584572626185,0.0003363734326905679
185.1784955440901,-17.96876611144126,14.592532716204792,26.824798508604854,96.85845828782392,0.00033624531126186995
185.30676362083233,-17.968924767084545,14.592526653969449,26.844988787031756,96.85845930674915,0.00033612133639333803
185.43497864471414,-17.969083671145487,14.592520446977824,26.865173902146672,96.85846031934584,0.00033600151338289864
185.5631423644154,-17.96924283080057,14.592514095506555,26.88535411580249,96.85846132556807,0.00033588584783186706
185.6912565418275,-17.96940225322728,14.592507599851528,26.90552969221271,96.85846232536773,0.0003357743457133868
185.8193229521701,-17.96956194560413,14.592500960323898,26.92570089797783,96.8584633186988,0.00033566701330680184
185.9473433839503,-17.969721915111567,14.592494177253164,26.94586800207399,96.85846430551602,0.00033556385722960375
186.07531963897418,-17.969882168935293,14.59248725098874,26.96603127585351,96.85846528577223,0.00033546488445778983
186.2032535324523,-17.970042714260078,14.59248018189308,26.98619099306895,96.85846625942376,0.00033537010226206745
186.33114689290846,-17.970203558278783,14.592472970351515,27.00634742984887,96.85846722642509,0.0003352795182756283
186.45900156228493,-17.97036470818683,14.59246561676499,27.02650086472173,96.85846818673222,0.00033519314045408376
186.5868193959215,-17.97052617118714,14.592458121554055,27.046651578608902,96.85846914030097,0.00033511097708750873
186.71460226260106,-17.970687954487794,14.592450485157341,27.06679985483366,96.85847008708743,0.0003350330368146236
186.84235204457397,-17.970850065302926,14.592442708031747,27.086945979125346,96.85847102704881,0.00033495932859122315
186.97007063755254,-17.97101251085608,14.592434790654318,27.10709023961626,96.85847196014126,0.00033488986172942425
187.0977599507888,-17.971175298376497,14.592426733518884,27.12723292685829,96.85847288632345,0.0003348246458563272
187.22542190701486,-17.971338435104986,14.59241853714203,27.147374333806802,96.85847380555226,0.0003347636909532438
187.3530584425456,-17.971501928290827,14.59241020205754,27.16751475584354,96.858474717786,0.00033470700733341974
187.48067150726192,-17.971665785194205,14.59240172882038,27.187654490770623,96.85847562298211,0.00033465460566018063
187.60826306467342,-17.971830013082776,14.592393118002315,27.207793838824166,96.85847652110043,0.0003346064969161213
187.73583509187296,-17.971994619240956,14.592384370199182,27.227933102660643,96.85847741209884,0.0003345626924468773
187.86338957963716,-17.97215961096154,14.592375486024526,27.248072587379987,96.85847829593698,0.0003345232039220264
187.99092853239793,-17.972324995551464,14.5923664661138,27.268212600516474,96.85847917257406,0.0003344880433698918
188.118453968293,-17.972490780331267,14.592357311122706,27.288353452049037,96.85848004196912,0.00033445722316036207
188.24596791920536,-17.972656972634397,14.592348021726755,27.308495454409208,96.85848090408311,0.0003344307559893167
188.37347243072793,-17.972823579811497,14.59233859862532,27.328638922470162,96.85848175887494,0.00033440865493595943
188.50096956227057,-17.972990609225654,14.59232904253611,27.348784173571094,96.85848260630569,0.00033439093339155405
188.6284613870148,-17.97315806825743,14.592319354200665,27.368931527504255,96.85848344633503,0.00033437760511924764
188.75594999199538,-17.97332596430445,14.592309534380925,27.389081306532912,96.85848427892445,0.0003343686842234193
188.8834374780703,-17.97349430478145,14.592299583862264,27.40923383538196,96.85848510403437,0.0003343641851617577
189.0109259599901,-17.973663097120482,14.5922895034519,27.429389441252894,96.8584859216257,0.0003343641227520788
189.1384175664104,-17.973832348773055,14.592279293979027,27.44954845382536,96.85848673165953,0.00033436851216379877
189.26591443991904,-17.974002067208815,14.592268956295676,27.469711205261184,96.8584875340974,0.000334377368916971
189.39341873704907,-17.974172259918543,14.59225849127767,27.489878030206228,96.85848832890048,0.00033439070890076193
189.52093262832418,-17.974342934411457,14.592247899822562,27.510049265799402,96.85848911603084,0.0003344085483525641
189.64845829825606,-17.974514098221697,14.59223718285444,27.530225251669886,96.85848989544988,0.00033443090388597814
189.77599794539717,-17.97468575890126,14.592226341318426,27.55040632994866,96.85849066711945,0.00033445779246933443
189.90355378235708,-17.974857924026995,14.592215376184877,27.570592845269953,96.85849143100084,0.00033448923144916294
190.03112803584762,-17.975030601196792,14.592204288446895,27.590785144781346,96.85849218705751,0.0003345252385116454
190.15872294663797,-17.9752037980354,14.592193079125533,27.61098357812996,96.85849293525014,0.0003345658317496514
190.28634076967904,-17.975377522188918,14.592181749263382,27.63118849749178,96.85849367554147,0.000334611029602628
190.4139837740608,-17.975551781329177,14.592170299929132,27.65140025755897,96.85849440789406,0.00033466085088904366
190.54165424304247,-17.975726583154785,14.59215873221813,27.671619215545817,96.85849513226981,0.00033471531480793945
190.6693544741047,-17.975901935389754,14.59214704724986,27.69184573119956,96.85849584863101,0.0003347744409387601
190.79708677896255,-17.976077845784665,14.592135246170345,27.712080166801872,96.8584965569402,0.00033483824923457114
190.92485348358247,-17.976254322118443,14.59212333015164,27.732322887171083,96.85849725716018,0.0003349067600336869
191.05265692819793,-17.976431372198892,14.592111300393595,27.752574259664527,96.85849794925224,0.00033497999407060985
191.18049946738742,-17.976609003859544,14.592099158119732,27.772834654196004,96.8584986331807,0.00033505797244115976
191.30838346999195,-17.97678722496784,14.59208690458542,27.793104443213593,96.85849930890615,0.0003351407166670024
191.43631131927174,-17.976966043417878,14.592074541068792,27.813384001736846,96.85849997639214,0.0003352282486349747
191.56428541282403,-17.977145467136573,14.59206206887863,27.833673707334487,96.85850063560058,0.00033532059063738265
191.6923081626618,-17.977325504081193,14.592049489350025,27.85397394014279,96.85850128649464,0.0003354177653665616
191.82038199519528,-17.97750616224251,14.59203680384866,27.874285082858663,96.85850192903615,0.0003355197959103526
191.9485093512986,-17.977687449643454,14.592024013767105,27.894607520755073,96.85850256318695,0.00033562670577537434
192.07669268633023,-17.977869374338628,14.592011120525596,27.91494164168455,96.85850318891049,0.00033573851884435943
192.20493447009625,-17.978051944419256,14.591998125576628,27.935287836068248,96.85850380616827,0.00033585525944260176
192.33323718694055,-17.978235168010787,14.591985030400426,27.955646496916913,96.85850441492306,0.0003359769522843101
192.46160333571757,-17.978419053274116,14.591971836508467,27.976018019822643,96.85850501513639,0.00033610362251791756
192.59003542985351,-17.978603608405596,14.591958545440944,27.996402802972963,96.85850560677007,0.0003362352956951917
192.71853599735778,-17.978788841638313,14.591945158768308,28.01680124715157,96.8585061897872,0.0003363719977823585
192.84710758078995,-17.97897476124465,14.59193167809484,28.037213755729375,96.85850676414913,0.0003365137551938539
192.97575273734145,-17.97916137553438,14.591918105054395,28.057640734682973,96.85850732981702,0.00033666059476588104
193.10447403885647,-17.97934869285509,14.59190444131118,28.078082592598864,96.85850788675275,0.00033681254374931177
193.2332740718199,-17.979536721594503,14.59189068856208,28.098539740669185,96.85850843491812,0.00033696962984044147
193.3621554373781,-17.979725470180487,14.591876848536694,28.11901259269519,96.85850897427454,0.0003371318811718396
193.49112075136193,-17.979914947084133,14.591862922998077,28.13950156509236,96.85850950478283,0.00033729932632108154
193.62017264432308,-17.980105160813636,14.591848913740002,28.16000707689789,96.85851002640439,0.000337471994302561
193.74931376152492,-17.980296119924677,14.591834822591707,28.180529549767257,96.8585105391001,0.0003376499145843307
193.87854676297033,-17.98048783301215,14.591820651415032,28.20106940798048,96.85851104283034,0.00033783311708583794
194.00787432343205,-17.980680308717044,14.591806402105727,28.22162707844801,96.85851153755691,0.0003380216321705755
194.13729913240982,-17.980873555724962,14.591792076596144,28.24220299069961,96.85851202323829,0.0003382154906885924
194.26682389425676,-17.98106758276404,14.591777676849297,28.262797576914615,96.85851249983655,0.0003384147239141335
194.39645132806163,-17.98126239861251,14.591763204867663,28.2834112718917,96.85851296730984,0.00033861936362838155
194.52618416779288,-17.981458012092215,14.591748662685664,28.30404451308392,96.85851342562027,0.0003388294420509706
